{
    "anims": [
        {
            "key": "masked_orc_idle_anim",
            "type": "frames",
            "repeat": -1,
            "frameRate": 5,
            "frames": [
                {
                    "key": "masked_orc_idle",
                    "frame": "masked_orc_idle_anim_f0"
                },
                {
                    "key": "masked_orc_idle",
                    "frame": "masked_orc_idle_anim_f1"
                },
                {
                    "key": "masked_orc_idle",
                    "frame": "masked_orc_idle_anim_f2"
                },
                {
                    "key": "masked_orc_idle",
                    "frame": "masked_orc_idle_anim_f3"
                }
            ]
        }
    ]
}