{
    "anims": [
        {
            "key": "rwerwe",
            "type": "frames",
            "repeat": -1,
            "frameRate": 4,
            "frames": [
                {
                    "key": "knight_run",
                    "frame": "knight_f_run_anim_f0"
                },
                {
                    "key": "knight_run",
                    "frame": "knight_f_run_anim_f2"
                },
                {
                    "key": "knight_run",
                    "frame": "knight_f_run_anim_f1"
                },
                {
                    "key": "knight_run",
                    "frame": "knight_f_run_anim_f3"
                }
            ]
        }
    ]
}