{
    "frames": [
        {
            "filename": "frame_0_delay-0.1s",
            "frame": {
                "w": 149.4,
                "h": 149.4,
                "x": 0.3,
                "y": 0.3
            },
            "anchor": {
                "x": 0.5,
                "y": 0.5
            }
        },
        {
            "filename": "frame_1_delay-0.1s",
            "frame": {
                "w": 149.4,
                "h": 149.4,
                "x": 150.29999999999998,
                "y": 0.3
            },
            "anchor": {
                "x": 0.5,
                "y": 0.5
            }
        },
        {
            "filename": "frame_2_delay-0.1s",
            "frame": {
                "w": 149.4,
                "h": 149.4,
                "x": 300.3,
                "y": 0.3
            },
            "anchor": {
                "x": 0.5,
                "y": 0.5
            }
        },
        {
            "filename": "frame_3_delay-0.1s",
            "frame": {
                "w": 149.4,
                "h": 149.4,
                "x": 450.3,
                "y": 0.3
            },
            "anchor": {
                "x": 0.5,
                "y": 0.5
            }
        },
        {
            "filename": "frame_4_delay-0.1s",
            "frame": {
                "w": 149.4,
                "h": 149.4,
                "x": 600.3,
                "y": 0.3
            },
            "anchor": {
                "x": 0.5,
                "y": 0.5
            }
        },
        {
            "filename": "frame_5_delay-0.1s",
            "frame": {
                "w": 149.4,
                "h": 149.4,
                "x": 750.3,
                "y": 0.3
            },
            "anchor": {
                "x": 0.5,
                "y": 0.5
            }
        },
        {
            "filename": "frame_6_delay-0.1s",
            "frame": {
                "w": 149.4,
                "h": 149.4,
                "x": 900.3,
                "y": 0.3
            },
            "anchor": {
                "x": 0.5,
                "y": 0.5
            }
        },
        {
            "filename": "frame_7_delay-0.1s",
            "frame": {
                "w": 149.4,
                "h": 149.4,
                "x": 1050.3,
                "y": 0.3
            },
            "anchor": {
                "x": 0.5,
                "y": 0.5
            }
        },
        {
            "filename": "frame_8_delay-0.1s",
            "frame": {
                "w": 149.4,
                "h": 149.4,
                "x": 1200.3,
                "y": 0.3
            },
            "anchor": {
                "x": 0.5,
                "y": 0.5
            }
        }
    ],
    "meta": {
        "description": "Atlas generado con Atlas Packer Gamma V2",
        "web": "https://gammafp.github.io/atlas-packer-phaser/"
    }
}