{
    "frames": [
        {
            "filename": "masked_orc_idle_anim_f0",
            "frame": {
                "w": 16,
                "h": 20,
                "x": 1,
                "y": 1
            },
            "anchor": {
                "x": 0.5,
                "y": 0.5
            }
        },
        {
            "filename": "masked_orc_idle_anim_f1",
            "frame": {
                "w": 16,
                "h": 20,
                "x": 19,
                "y": 1
            },
            "anchor": {
                "x": 0.5,
                "y": 0.5
            }
        },
        {
            "filename": "masked_orc_idle_anim_f2",
            "frame": {
                "w": 16,
                "h": 20,
                "x": 37,
                "y": 1
            },
            "anchor": {
                "x": 0.5,
                "y": 0.5
            }
        },
        {
            "filename": "masked_orc_idle_anim_f3",
            "frame": {
                "w": 16,
                "h": 20,
                "x": 55,
                "y": 1
            },
            "anchor": {
                "x": 0.5,
                "y": 0.5
            }
        }
    ],
    "meta": {
        "description": "Atlas generado con Atlas Packer Gamma V2",
        "web": "https://gammafp.github.io/atlas-packer-phaser/"
    }
}